timestamp,model_name,prompt,prompt_tokens,completion_tokens,total_tokens,response_time_ms,tokens_per_second,temperature,cpu_model,cpu_cores,cpu_usage_percent,cpu_speed,total_memory_gb,memory_usage_percent,gpu_model,gpu_vendor,os
2025-02-13T20:08:12.371Z,llama-3.2-3b-instruct,Hello,175,25,200,249,802.09,0.5,AMD Ryzen 5 5600X 6-Core Processor,12,1.69,3700,64,40,AMD Radeon RX 6900 XT,Advanced Micro Devices, Inc.,Windows_NT-10.0.22631
2025-02-13T20:08:19.779Z,llama-3.2-3b-instruct,What is Python?,574,24,598,569,1051.51,0.5,AMD Ryzen 5 5600X 6-Core Processor,12,1.69,3700,64,40,AMD Radeon RX 6900 XT,Advanced Micro Devices, Inc.,Windows_NT-10.0.22631
2025-02-13T20:08:28.828Z,llama-3.2-3b-instruct,What are functions in Python?,860,23,883,671,1315.08,0.5,AMD Ryzen 5 5600X 6-Core Processor,12,1.69,3700,64,40,AMD Radeon RX 6900 XT,Advanced Micro Devices, Inc.,Windows_NT-10.0.22631
2025-02-13T20:25:17.909Z,llama-3.2-3b-instruct,Hello,175,2,177,117,1517.53,0.5,AMD Ryzen 5 5600X 6-Core Processor,12,1.69,3700,64,40,AMD Radeon RX 6900 XT,Advanced Micro Devices, Inc.,Windows_NT-10.0.22631
2025-02-13T20:25:23.169Z,llama-3.2-3b-instruct,What are functions in Python?,860,23,883,668,1322.83,0.5,AMD Ryzen 5 5600X 6-Core Processor,12,1.69,3700,64,40,AMD Radeon RX 6900 XT,Advanced Micro Devices, Inc.,Windows_NT-10.0.22631
2025-02-13T21:30:42.761Z,llama-3.2-3b-instruct,What is a Trojan Horse in relation to computer security?,950,41,991,918,1079.7,0.5,AMD Ryzen 5 5600X 6-Core Processor,12,1.65,3700,64,40,AMD Radeon RX 6900 XT,Advanced Micro Devices, Inc.,Windows_NT-10.0.22631
2025-02-13T21:31:15.453Z,llama-3.2-3b-instruct,What is a Denial of Service attack?,980,69,1049,1230,852.93,0.5,AMD Ryzen 5 5600X 6-Core Processor,12,1.65,3700,64,40,AMD Radeon RX 6900 XT,Advanced Micro Devices, Inc.,Windows_NT-10.0.22631
2025-02-17T18:20:36.735Z,llama-3.2-3b-instruct,Hello,175,9,184,3641,50.54,0.5,AMD Ryzen 5 5600X 6-Core Processor,12,1.58,3700,64,30,AMD Radeon RX 6900 XT,Advanced Micro Devices, Inc.,Windows_NT-10.0.22631
2025-02-21T03:46:50.578Z,llama-3.2-3b-instruct,What are tuples in Python?,516,35,551,4156,132.57,0.5,AMD Ryzen 5 5600X 6-Core Processor,12,0,3700,64,30,AMD Radeon RX 6900 XT,Advanced Micro Devices, Inc.,Windows_NT-10.0.22631
2025-02-21T03:47:32.465Z,llama-3.2-3b-instruct,What are tuples in Python?,180,25,205,325,631.34,0.5,AMD Ryzen 5 5600X 6-Core Processor,12,0,3700,64,30,AMD Radeon RX 6900 XT,Advanced Micro Devices, Inc.,Windows_NT-10.0.22631
2025-02-22T15:39:02.938Z,llama-3.2-3b-instruct,Hello,155,2,157,988788,0.16,0.5,12th Gen Intel(R) Core(TM) i7-1260P,16,0,2496,16,94,Intel(R) Iris(R) Xe Graphics,Intel Corporation,Windows_NT-10.0.22631
2025-02-22T15:39:42.571Z,llama-3.2-3b-instruct,What are tuples in Python?,160,25,185,2989,61.89,0.5,12th Gen Intel(R) Core(TM) i7-1260P,16,4.29,2496,16,94,Intel(R) Iris(R) Xe Graphics,Intel Corporation,Windows_NT-10.0.22631
2025-02-22T15:40:19.528Z,llama-3.2-3b-instruct,What are tuples in Python?,160,25,185,2835,65.26,0.5,12th Gen Intel(R) Core(TM) i7-1260P,16,10.71,2496,16,96,Intel(R) Iris(R) Xe Graphics,Intel Corporation,Windows_NT-10.0.22631
2025-02-22T15:41:40.269Z,llama-3.2-3b-instruct,What are tuples in Python,405,24,429,11018,38.94,0.5,12th Gen Intel(R) Core(TM) i7-1260P,16,0,2496,16,95,Intel(R) Iris(R) Xe Graphics,Intel Corporation,Windows_NT-10.0.22631
2025-02-22T15:46:49.637Z,llama-3.2-3b-instruct,How are dictionaries defined in Python,564,21,585,10554,55.43,0.5,12th Gen Intel(R) Core(TM) i7-1260P,16,4.78,2496,16,92,Intel(R) Iris(R) Xe Graphics,Intel Corporation,Windows_NT-10.0.22631
2025-02-22T15:48:42.195Z,llama-3.2-3b-instruct,What are tuples in Python,405,17,422,7800,54.1,0.5,12th Gen Intel(R) Core(TM) i7-1260P,16,4.48,2496,16,88,Intel(R) Iris(R) Xe Graphics,Intel Corporation,Windows_NT-10.0.22631
2025-02-22T15:49:06.205Z,llama-3.2-3b-instruct,What are lists in Python?,496,41,537,11705,45.88,0.5,12th Gen Intel(R) Core(TM) i7-1260P,16,8.43,2496,16,87,Intel(R) Iris(R) Xe Graphics,Intel Corporation,Windows_NT-10.0.22631
2025-02-24T03:11:28.199Z,llama-3.2-3b-instruct,How are dictionaries defined in Python?,537,22,559,14086,39.68,0.5,12th Gen Intel(R) Core(TM) i7-1260P,16,0,2496,16,92,Intel(R) Iris(R) Xe Graphics,Intel Corporation,Windows_NT-10.0.22631
2025-02-24T03:11:41.749Z,llama-3.2-3b-instruct,What are tuples in Python?,160,25,185,8038,23.02,0.5,12th Gen Intel(R) Core(TM) i7-1260P,16,11.93,2496,16,93,Intel(R) Iris(R) Xe Graphics,Intel Corporation,Windows_NT-10.0.22631
2025-02-24T03:11:59.883Z,llama-3.2-3b-instruct,What are lists in Python?,160,25,185,5078,36.43,0.5,12th Gen Intel(R) Core(TM) i7-1260P,16,8.06,2496,16,93,Intel(R) Iris(R) Xe Graphics,Intel Corporation,Windows_NT-10.0.22631
2025-03-05T14:28:37.240Z,hermes-3-llama-3.2-3b,TEll me about python,486,100,586,2196,266.87,0.5,12th Gen Intel(R) Core(TM) i5-12400F,12,0,2496,64,27,Intel(R) Arc(TM) A770 Graphics,Intel Corporation,Windows_NT-10.0.22631
2025-03-05T16:26:24.955Z,hermes-3-llama-3.2-3b,do you like food?,158,34,192,1703,112.75,0.5,12th Gen Intel(R) Core(TM) i5-12400F,12,0.8,2496,64,28,Intel(R) Arc(TM) A770 Graphics,Intel Corporation,Windows_NT-10.0.22631
2025-03-05T16:37:41.432Z,hermes-3-llama-3.2-3b,tell me about python strings,435,163,598,2910,205.52,0.5,12th Gen Intel(R) Core(TM) i5-12400F,12,0.65,2496,64,27,Intel(R) Arc(TM) A770 Graphics,Intel Corporation,Windows_NT-10.0.22631
2025-03-08T19:59:27.096Z,hermes-3-llama-3.2-3b,what is python,484,53,537,1528,351.34,0.5,12th Gen Intel(R) Core(TM) i5-12400F,12,0,2496,64,19,Intel(R) Arc(TM) A770 Graphics,Intel Corporation,Windows_NT-10.0.22631
2025-03-09T14:24:58.545Z,hermes-3-llama-3.2-3b,what are python libraries,529,171,700,5146,136.02,0.5,12th Gen Intel(R) Core(TM) i5-12400F,12,0,2496,64,19,Intel(R) Arc(TM) A770 Graphics,Intel Corporation,Windows_NT-10.0.22631
2025-03-10T01:59:35.243Z,hermes-3-llama-3.2-3b,Hello,175,2,177,150,1183.32,0.5,AMD Ryzen 5 5600X 6-Core Processor,12,0,3700,64,23,AMD Radeon RX 6900 XT,Advanced Micro Devices, Inc.,Windows_NT-10.0.22631
2025-02-27T15:38:20.341Z,llama-3.2-3b-instruct,Hello,155,2,157,552,284.38,0.5,12th Gen Intel(R) Core(TM) i7-1260P,16,0,2496,16,93,Intel(R) Iris(R) Xe Graphics,Intel Corporation,Windows_NT-10.0.22631
2025-02-27T15:43:53.371Z,llama-3.2-3b-instruct,Hello,155,2,157,643,244.35,0.5,12th Gen Intel(R) Core(TM) i7-1260P,16,0,2496,16,94,Intel(R) Iris(R) Xe Graphics,Intel Corporation,Windows_NT-10.0.22631
2025-02-27T15:44:19.396Z,llama-3.2-3b-instruct,Hello,155,2,157,719,218.42,0.5,12th Gen Intel(R) Core(TM) i7-1260P,16,5.06,2496,16,93,Intel(R) Iris(R) Xe Graphics,Intel Corporation,Windows_NT-10.0.22631
2025-02-27T15:52:28.885Z,llama-3.2-3b-instruct,What are the differences between tuples and lists in Python?,501,77,578,20959,27.58,0.5,12th Gen Intel(R) Core(TM) i7-1260P,16,3.31,2496,16,93,Intel(R) Iris(R) Xe Graphics,Intel Corporation,Windows_NT-10.0.22631
2025-02-27T16:52:16.597Z,llama-3.2-3b-instruct,Hello,155,2,157,5665,27.71,0.5,12th Gen Intel(R) Core(TM) i7-1260P,16,1.78,2496,16,92,Intel(R) Iris(R) Xe Graphics,Intel Corporation,Windows_NT-10.0.22631
2025-02-27T16:52:37.921Z,llama-3.2-3b-instruct,What are lists in Python?,496,41,537,13661,39.31,0.5,12th Gen Intel(R) Core(TM) i7-1260P,16,11.11,2496,16,92,Intel(R) Iris(R) Xe Graphics,Intel Corporation,Windows_NT-10.0.22631
2025-02-27T23:21:22.520Z,llama-3.2-3b-instruct,Hello,155,25,180,406,443.61,0.5,Intel(R) Xeon(R) w9-3595X,64,0,1992,64,30,NVIDIA RTX 5000 Ada Generation,NVIDIA,Windows_NT-10.0.26100,
2025-02-27T23:23:05.103Z,llama-3.2-3b-instruct,What are lists in Python,417,20,437,442,987.83,0.5,Intel(R) Xeon(R) w9-3595X,64,0.87,1992,64,29,NVIDIA RTX 5000 Ada Generation,NVIDIA,Windows_NT-10.0.26100,
2025-02-27T23:25:19.882Z,llama-3.2-3b-instruct,Hello!,156,25,181,412,439.55,0.5,Intel(R) Xeon(R) w9-3595X,64,0.94,1992,64,29,NVIDIA RTX 5000 Ada Generation,NVIDIA,Windows_NT-10.0.26100,
2025-02-27T23:26:29.668Z,llama-3.2-3b-instruct,Hello,155,25,180,551,326.51,0.5,Intel(R) Xeon(R) w9-3595X,64,1.24,1992,64,29,NVIDIA RTX 5000 Ada Generation,NVIDIA,Windows_NT-10.0.26100,
2025-02-27T23:26:49.679Z,llama-3.2-3b-instruct,Hello,151,1,152,264,575.73,0.5,Intel(R) Xeon(R) w9-3595X,64,0,1992,64,29,NVIDIA RTX 5000 Ada Generation,NVIDIA,Windows_NT-10.0.26100,
2025-02-27T23:26:56.451Z,llama-3.2-3b-instruct,What are lists in Python?,496,24,520,417,1245.75,0.5,Intel(R) Xeon(R) w9-3595X,64,0.98,1992,64,29,NVIDIA RTX 5000 Ada Generation,NVIDIA,Windows_NT-10.0.26100,
2025-02-27T23:27:51.304Z,llama-3.2-3b-instruct,Hello,151,1,152,236,643.67,0.5,Intel(R) Xeon(R) w9-3595X,64,0,1992,64,29,NVIDIA RTX 5000 Ada Generation,NVIDIA,Windows_NT-10.0.26100,
2025-02-27T23:27:53.664Z,llama-3.2-3b-instruct,Hello!,152,2,154,66,2337.95,0.5,Intel(R) Xeon(R) w9-3595X,64,1.02,1992,64,29,NVIDIA RTX 5000 Ada Generation,NVIDIA,Windows_NT-10.0.26100,
2025-02-27T23:28:00.067Z,llama-3.2-3b-instruct,What are lists in Python?,495,29,524,493,1062.87,0.5,Intel(R) Xeon(R) w9-3595X,64,1.27,1992,64,29,NVIDIA RTX 5000 Ada Generation,NVIDIA,Windows_NT-10.0.26100,
2025-02-27T23:28:17.888Z,llama-3.2-3b-instruct,How do you define a dictionary in Python?,486,35,521,450,1157.57,0.5,Intel(R) Xeon(R) w9-3595X,64,0.89,1992,64,29,NVIDIA RTX 5000 Ada Generation,NVIDIA,Windows_NT-10.0.26100,
2025-02-27T23:29:35.788Z,llama-3.2-3b-instruct,Hello,151,25,176,455,386.57,0.5,Intel(R) Xeon(R) w9-3595X,64,0,1992,64,29,NVIDIA RTX 5000 Ada Generation,NVIDIA,Windows_NT-10.0.26100,
2025-02-27T23:29:42.621Z,llama-3.2-3b-instruct,Hello,151,29,180,397,452.87,0.5,Intel(R) Xeon(R) w9-3595X,64,1.03,1992,64,29,NVIDIA RTX 5000 Ada Generation,NVIDIA,Windows_NT-10.0.26100,
2025-02-27T23:29:45.264Z,llama-3.2-3b-instruct,Hello!,152,26,178,267,665.79,0.5,Intel(R) Xeon(R) w9-3595X,64,1.74,1992,64,29,NVIDIA RTX 5000 Ada Generation,NVIDIA,Windows_NT-10.0.26100,
2025-02-27T23:30:27.983Z,llama-3.2-3b-instruct,Hello,151,25,176,405,434.31,0.5,Intel(R) Xeon(R) w9-3595X,64,1.96,1992,64,29,NVIDIA RTX 5000 Ada Generation,NVIDIA,Windows_NT-10.0.26100,
2025-02-27T23:30:30.817Z,llama-3.2-3b-instruct,Hello,151,1,152,55,2783.32,0.5,Intel(R) Xeon(R) w9-3595X,64,2.62,1992,64,29,NVIDIA RTX 5000 Ada Generation,NVIDIA,Windows_NT-10.0.26100,
2025-02-27T23:30:35.451Z,llama-3.2-3b-instruct,Hello,151,1,152,218,697.86,0.5,Intel(R) Xeon(R) w9-3595X,64,1.02,1992,64,29,NVIDIA RTX 5000 Ada Generation,NVIDIA,Windows_NT-10.0.26100,
2025-02-27T23:30:39.469Z,llama-3.2-3b-instruct,Hello,151,1,152,111,1371.8,0.5,Intel(R) Xeon(R) w9-3595X,64,1.14,1992,64,29,NVIDIA RTX 5000 Ada Generation,NVIDIA,Windows_NT-10.0.26100,
2025-02-27T23:30:45.209Z,llama-3.2-3b-instruct,Hello,151,1,152,215,705.38,0.5,Intel(R) Xeon(R) w9-3595X,64,1.01,1992,64,29,NVIDIA RTX 5000 Ada Generation,NVIDIA,Windows_NT-10.0.26100,
2025-02-27T23:30:49.341Z,llama-3.2-3b-instruct,What are tuples in Python,155,25,180,305,590.72,0.5,Intel(R) Xeon(R) w9-3595X,64,1.62,1992,64,29,NVIDIA RTX 5000 Ada Generation,NVIDIA,Windows_NT-10.0.26100,
2025-02-27T23:33:11.612Z,llama-3.2-3b-instruct,Hello,151,1,152,215,706.15,0.5,Intel(R) Xeon(R) w9-3595X,56,0,1992,64,29,NVIDIA RTX 5000 Ada Generation,NVIDIA,Windows_NT-10.0.26100,
2025-02-27T23:33:32.002Z,llama-3.2-3b-instruct,Hello,151,1,152,216,703.23,0.5,Intel(R) Xeon(R) w9-3595X,56,0.88,1992,64,29,NVIDIA RTX 5000 Ada Generation,NVIDIA,Windows_NT-10.0.26100,
2025-02-27T23:33:37.525Z,llama-3.2-3b-instruct,What are tuples in Python,155,25,180,503,357.72,0.5,Intel(R) Xeon(R) w9-3595X,56,2.22,1992,64,29,NVIDIA RTX 5000 Ada Generation,NVIDIA,Windows_NT-10.0.26100,
2025-02-27T23:34:03.901Z,llama-3.2-3b-instruct,What are tuples in Python,403,24,427,437,978.14,0.5,Intel(R) Xeon(R) w9-3595X,56,0,1992,64,29,NVIDIA RTX 5000 Ada Generation,NVIDIA,Windows_NT-10.0.26100,
2025-02-27T23:41:14.329Z,llama-3.2-3b-instruct,Hello,171,9,180,480,375.04,0.5,Intel(R) Xeon(R) w9-3595X,56,0,1992,64,29,NVIDIA RTX 5000 Ada Generation,NVIDIA,Windows_NT-10.0.26100,
2025-02-27T23:41:19.834Z,llama-3.2-3b-instruct,What are tuples in Python?,514,18,532,506,1050.37,0.5,Intel(R) Xeon(R) w9-3595X,56,2.14,1992,64,29,NVIDIA RTX 5000 Ada Generation,NVIDIA,Windows_NT-10.0.26100,
2025-02-27T23:41:30.080Z,llama-3.2-3b-instruct,What are dictionaries in Python?,557,23,580,483,1200.69,0.5,Intel(R) Xeon(R) w9-3595X,56,1.58,1992,64,29,NVIDIA RTX 5000 Ada Generation,NVIDIA,Windows_NT-10.0.26100,
2025-02-27T23:41:43.879Z,llama-3.2-3b-instruct,What is the difference between a list and a set in Python,604,24,628,606,1035.73,0.5,Intel(R) Xeon(R) w9-3595X,56,1.19,1992,64,29,NVIDIA RTX 5000 Ada Generation,NVIDIA,Windows_NT-10.0.26100,
2025-02-27T23:42:00.862Z,llama-3.2-3b-instruct,What is Stack Overflow,174,25,199,471,422.27,0.5,Intel(R) Xeon(R) w9-3595X,56,0.92,1992,64,29,NVIDIA RTX 5000 Ada Generation,NVIDIA,Windows_NT-10.0.26100,

2025-03-13T03:01:36.925Z,hermes-3-llama-3.2-3b,Hello,155,2,157,2261,69.45,0.5,12th Gen Intel(R) Core(TM) i7-1260P,16,0,2496,16,84,Intel(R) Iris(R) Xe Graphics,Intel Corporation,Windows_NT-10.0.22631
2025-03-13T03:43:43.475Z,hermes-3-llama-3.2-3b,Hello,155,2,157,502,312.52,0.5,12th Gen Intel(R) Core(TM) i7-1260P,16,0,2496,16,85,Intel(R) Iris(R) Xe Graphics,Intel Corporation,Windows_NT-10.0.22631
2025-03-13T03:51:48.731Z,hermes-3-llama-3.2-3b,What is 2 + 2,161,25,186,3547,52.43,0.5,12th Gen Intel(R) Core(TM) i7-1260P,16,1.98,2496,16,84,Intel(R) Iris(R) Xe Graphics,Intel Corporation,Windows_NT-10.0.22631
2025-03-13T03:52:24.705Z,hermes-3-llama-3.2-3b,What is the derivative of f(x),162,25,187,3430,54.52,0.5,12th Gen Intel(R) Core(TM) i7-1260P,16,4.68,2496,16,85,Intel(R) Iris(R) Xe Graphics,Intel Corporation,Windows_NT-10.0.22631
2025-03-13T03:52:42.724Z,hermes-3-llama-3.2-3b,What is python?,473,24,497,7673,64.78,0.5,12th Gen Intel(R) Core(TM) i7-1260P,16,10.37,2496,16,85,Intel(R) Iris(R) Xe Graphics,Intel Corporation,Windows_NT-10.0.22631
2025-03-13T03:55:14.032Z,hermes-3-llama-3.2-3b,My name is Jordan,158,15,173,8351,20.72,0.5,12th Gen Intel(R) Core(TM) i7-1260P,16,2.42,2496,16,84,Intel(R) Iris(R) Xe Graphics,Intel Corporation,Windows_NT-10.0.22631
2025-03-13T03:55:50.640Z,hermes-3-llama-3.2-3b,The sky is green,158,25,183,3303,55.41,0.5,12th Gen Intel(R) Core(TM) i7-1260P,16,4.15,2496,16,84,Intel(R) Iris(R) Xe Graphics,Intel Corporation,Windows_NT-10.0.22631
2025-03-13T04:18:25.475Z,hermes-3-llama-3.2-3b,Hello,155,2,157,573,274.08,0.5,12th Gen Intel(R) Core(TM) i7-1260P,16,3.09,2496,16,88,Intel(R) Iris(R) Xe Graphics,Intel Corporation,Windows_NT-10.0.22631
2025-03-13T04:18:46.001Z,hermes-3-llama-3.2-3b,What is a list in Python?,513,45,558,13215,42.22,0.5,12th Gen Intel(R) Core(TM) i7-1260P,16,11.22,2496,16,87,Intel(R) Iris(R) Xe Graphics,Intel Corporation,Windows_NT-10.0.22631
2025-03-13T04:20:20.258Z,hermes-3-llama-3.2-3b,Hello,155,2,157,4787,32.8,0.5,12th Gen Intel(R) Core(TM) i7-1260P,16,4.35,2496,16,89,Intel(R) Iris(R) Xe Graphics,Intel Corporation,Windows_NT-10.0.22631
2025-03-13T04:23:34.317Z,hermes-3-llama-3.2-3b,Hi,155,2,157,659,238.11,0.5,12th Gen Intel(R) Core(TM) i7-1260P,16,4.22,2496,16,88,Intel(R) Iris(R) Xe Graphics,Intel Corporation,Windows_NT-10.0.22631
2025-03-13T04:23:38.892Z,hermes-3-llama-3.2-3b,hi,155,2,157,666,235.61,0.5,12th Gen Intel(R) Core(TM) i7-1260P,16,7.15,2496,16,87,Intel(R) Iris(R) Xe Graphics,Intel Corporation,Windows_NT-10.0.22631
2025-03-17T20:17:04.697Z,hermes-3-llama-3.2-3b,Hello,154,9,163,206,791.55,0.5,AMD Ryzen 5 5600X 6-Core Processor,12,0,3700,64,34,AMD Radeon RX 6900 XT,Advanced Micro Devices, Inc.,Windows_NT-10.0.22631
2025-03-17T20:17:11.544Z,hermes-3-llama-3.2-3b,What is Javascript?,445,109,554,1242,445.92,0.5,AMD Ryzen 5 5600X 6-Core Processor,12,0.84,3700,64,33,AMD Radeon RX 6900 XT,Advanced Micro Devices, Inc.,Windows_NT-10.0.22631
2025-03-17T19:45:38.289Z,hermes-3-llama-3.2-3b,Hello!,155,9,164,323,508.52,0.5,AMD Ryzen 5 5600 6-Core Processor,12,0,3500,32,77,Meta Virtual Monitor,Meta Inc.,Windows_NT-10.0.26100
2025-03-17T19:53:14.530Z,hermes-3-llama-3.2-3b,Hi!,155,10,165,498,331.02,0.5,AMD Ryzen 5 5600 6-Core Processor,12,57.21,3500,32,76,Meta Virtual Monitor,Meta Inc.,Windows_NT-10.0.26100
2025-03-17T20:11:23.101Z,hermes-3-llama-3.2-3b,What is python?,470,89,559,3391,164.83,0.5,AMD Ryzen 5 5600 6-Core Processor,12,0,3500,32,71,Meta Virtual Monitor,Meta Inc.,Windows_NT-10.0.26100
2025-03-17T20:13:18.072Z,hermes-3-llama-3.2-3b,What is javascript?,157,24,181,631,286.79,0.5,AMD Ryzen 5 5600 6-Core Processor,12,53.1,3500,32,71,Meta Virtual Monitor,Meta Inc.,Windows_NT-10.0.26100
2025-03-17T20:14:57.420Z,hermes-3-llama-3.2-3b,What is javascript,287,76,363,1967,184.57,0.5,AMD Ryzen 5 5600 6-Core Processor,12,54.77,3500,32,71,Meta Virtual Monitor,Meta Inc.,Windows_NT-10.0.26100
2025-03-17T20:15:24.860Z,hermes-3-llama-3.2-3b,What is JavaScript?,445,57,502,1738,288.89,0.5,AMD Ryzen 5 5600 6-Core Processor,12,50.58,3500,32,72,Meta Virtual Monitor,Meta Inc.,Windows_NT-10.0.26100
2025-03-17T20:16:20.713Z,hermes-3-llama-3.2-3b,What is Python?,470,124,594,3338,177.93,0.5,AMD Ryzen 5 5600 6-Core Processor,12,52,3500,32,71,Meta Virtual Monitor,Meta Inc.,Windows_NT-10.0.26100
2025-03-17T20:18:04.158Z,hermes-3-llama-3.2-3b,What is Calculus?,158,45,203,1189,170.7,0.5,AMD Ryzen 5 5600 6-Core Processor,12,44.83,3500,32,70,Meta Virtual Monitor,Meta Inc.,Windows_NT-10.0.26100
2025-03-17T20:19:04.059Z,hermes-3-llama-3.2-3b,What is Calculus?,283,67,350,1832,191,0.5,AMD Ryzen 5 5600 6-Core Processor,12,53.95,3500,32,69,Meta Virtual Monitor,Meta Inc.,Windows_NT-10.0.26100
2025-03-17T20:25:43.426Z,hermes-3-llama-3.2-3b,I'm stuck in the there what is calculus.,288,59,347,1417,244.82,0.5,AMD Ryzen 5 5600 6-Core Processor,12,0,3500,32,71,Meta Virtual Monitor,Meta Inc.,Windows_NT-10.0.26100
2025-03-17T23:16:58.992Z,hermes-3-llama-3.2-3b,What is python?,470,78,548,1183,463.28,0.5,AMD Ryzen 5 5600 6-Core Processor,12,0,3500,32,63,Meta Virtual Monitor,Meta Inc.,Windows_NT-10.0.26100
2025-03-17T23:17:39.590Z,hermes-3-llama-3.2-3b,Hello,154,9,163,251,650.48,0.5,AMD Ryzen 5 5600 6-Core Processor,12,39.29,3500,32,66,Meta Virtual Monitor,Meta Inc.,Windows_NT-10.0.26100
2025-03-17T23:22:12.855Z,hermes-3-llama-3.2-3b,Hello,154,9,163,229,712.9,0.5,AMD Ryzen 5 5600 6-Core Processor,12,45.95,3500,32,66,Meta Virtual Monitor,Meta Inc.,Windows_NT-10.0.26100
2025-03-17T23:22:23.245Z,hermes-3-llama-3.2-3b,What is Python?,470,149,619,3052,202.82,0.5,AMD Ryzen 5 5600 6-Core Processor,12,43.44,3500,32,66,Meta Virtual Monitor,Meta Inc.,Windows_NT-10.0.26100
2025-03-17T23:24:17.451Z,hermes-3-llama-3.2-3b,Hello,154,9,163,251,650.1,0.5,AMD Ryzen 5 5600 6-Core Processor,12,33.51,3500,32,68,Meta Virtual Monitor,Meta Inc.,Windows_NT-10.0.26100
2025-03-17T23:24:26.072Z,hermes-3-llama-3.2-3b,What is Calculus?,283,88,371,1774,209.08,0.5,AMD Ryzen 5 5600 6-Core Processor,12,41.1,3500,32,68,Meta Virtual Monitor,Meta Inc.,Windows_NT-10.0.26100
2025-03-17T23:31:23.872Z,hermes-3-llama-3.2-3b,Hello!,155,9,164,199,822.12,0.5,AMD Ryzen 5 5600 6-Core Processor,12,29.54,3500,32,72,Meta Virtual Monitor,Meta Inc.,Windows_NT-10.0.26100
2025-03-17T23:31:43.786Z,hermes-3-llama-3.2-3b,What is Calculus?,283,63,346,1033,335.05,0.5,AMD Ryzen 5 5600 6-Core Processor,12,41.23,3500,32,72,Meta Virtual Monitor,Meta Inc.,Windows_NT-10.0.26100
2025-03-17T23:38:40.456Z,hermes-3-llama-3.2-3b,What is calculus?,282,68,350,1098,318.88,0.5,AMD Ryzen 5 5600 6-Core Processor,12,24.06,3500,32,71,Meta Virtual Monitor,Meta Inc.,Windows_NT-10.0.26100
2025-03-17T23:40:40.826Z,hermes-3-llama-3.2-3b,What is Calculus?,283,70,353,1241,284.49,0.5,AMD Ryzen 5 5600 6-Core Processor,12,45.07,3500,32,72,Meta Virtual Monitor,Meta Inc.,Windows_NT-10.0.26100
2025-03-17T23:43:59.340Z,hermes-3-llama-3.2-3b,What is Calculus?,283,64,347,1068,324.88,0.5,AMD Ryzen 5 5600 6-Core Processor,12,27.5,3500,32,72,Meta Virtual Monitor,Meta Inc.,Windows_NT-10.0.26100
2025-03-17T23:51:28.317Z,hermes-3-llama-3.2-3b,What is Jovascript?,159,34,193,600,321.7,0.5,AMD Ryzen 5 5600 6-Core Processor,12,28.59,3500,32,70,Meta Virtual Monitor,Meta Inc.,Windows_NT-10.0.26100
2025-03-17T23:51:38.879Z,hermes-3-llama-3.2-3b,What is JavaScript?,445,70,515,1271,405.08,0.5,AMD Ryzen 5 5600 6-Core Processor,12,43.45,3500,32,70,Meta Virtual Monitor,Meta Inc.,Windows_NT-10.0.26100
2025-03-17T23:52:30.278Z,hermes-3-llama-3.2-3b,What is calculus?,282,71,353,1200,294.2,0.5,AMD Ryzen 5 5600 6-Core Processor,12,48.65,3500,32,71,Meta Virtual Monitor,Meta Inc.,Windows_NT-10.0.26100
2025-03-17T23:57:26.777Z,hermes-3-llama-3.2-3b,Hello,154,25,179,436,410.77,0.5,AMD Ryzen 5 5600 6-Core Processor,12,35.09,3500,32,72,Meta Virtual Monitor,Meta Inc.,Windows_NT-10.0.26100
2025-03-17T23:57:42.072Z,hermes-3-llama-3.2-3b,Hello!,155,9,164,215,764.43,0.5,AMD Ryzen 5 5600 6-Core Processor,12,41.85,3500,32,72,Meta Virtual Monitor,Meta Inc.,Windows_NT-10.0.26100
2025-03-17T23:57:50.194Z,hermes-3-llama-3.2-3b,What is Calculus?,283,63,346,1137,304.36,0.5,AMD Ryzen 5 5600 6-Core Processor,12,52.56,3500,32,71,Meta Virtual Monitor,Meta Inc.,Windows_NT-10.0.26100
2025-03-18T00:00:15.825Z,hermes-3-llama-3.2-3b,What is Calculus?,283,83,366,1357,269.64,0.5,AMD Ryzen 5 5600 6-Core Processor,12,30.87,3500,32,70,Meta Virtual Monitor,Meta Inc.,Windows_NT-10.0.26100
2025-03-18T00:00:53.329Z,hermes-3-llama-3.2-3b,What is Calculus?,283,64,347,1150,301.65,0.5,AMD Ryzen 5 5600 6-Core Processor,12,35.53,3500,32,69,Meta Virtual Monitor,Meta Inc.,Windows_NT-10.0.26100
2025-03-18T00:02:52.353Z,hermes-3-llama-3.2-3b,What is Python?,470,141,611,2583,236.51,0.5,AMD Ryzen 5 5600 6-Core Processor,12,39.79,3500,32,70,Meta Virtual Monitor,Meta Inc.,Windows_NT-10.0.26100
2025-03-18T00:08:50.564Z,hermes-3-llama-3.2-3b,What is Python?,470,67,537,1389,386.69,0.5,AMD Ryzen 5 5600 6-Core Processor,12,25.34,3500,32,68,Meta Virtual Monitor,Meta Inc.,Windows_NT-10.0.26100
2025-03-18T00:13:31.727Z,hermes-3-llama-3.2-3b,What is Python?,470,143,613,2547,240.69,0.5,AMD Ryzen 5 5600 6-Core Processor,12,34.82,3500,32,67,Meta Virtual Monitor,Meta Inc.,Windows_NT-10.0.26100
2025-03-18T00:16:05.052Z,hermes-3-llama-3.2-3b,What is Python?,470,95,565,1777,317.99,0.5,AMD Ryzen 5 5600 6-Core Processor,12,40.41,3500,32,69,Meta Virtual Monitor,Meta Inc.,Windows_NT-10.0.26100
2025-03-18T00:18:50.159Z,hermes-3-llama-3.2-3b,What is Python?,470,67,537,1370,392.05,0.5,AMD Ryzen 5 5600 6-Core Processor,12,32.47,3500,32,68,Meta Virtual Monitor,Meta Inc.,Windows_NT-10.0.26100
2025-03-18T00:22:11.081Z,hermes-3-llama-3.2-3b,What is Python?,470,69,539,1438,374.95,0.5,AMD Ryzen 5 5600 6-Core Processor,12,53.57,3500,32,68,Meta Virtual Monitor,Meta Inc.,Windows_NT-10.0.26100
2025-03-18T00:24:42.282Z,hermes-3-llama-3.2-3b,What is Python?,470,68,538,1436,374.68,0.5,AMD Ryzen 5 5600 6-Core Processor,12,45.39,3500,32,68,Meta Virtual Monitor,Meta Inc.,Windows_NT-10.0.26100
2025-03-18T00:27:00.379Z,hermes-3-llama-3.2-3b,What is Calculus?,283,75,358,1431,250.22,0.5,AMD Ryzen 5 5600 6-Core Processor,12,45.68,3500,32,69,Meta Virtual Monitor,Meta Inc.,Windows_NT-10.0.26100
2025-03-18T00:29:33.264Z,hermes-3-llama-3.2-3b,What is Calculus?,283,90,373,1681,221.94,0.5,AMD Ryzen 5 5600 6-Core Processor,12,31.9,3500,32,68,Meta Virtual Monitor,Meta Inc.,Windows_NT-10.0.26100
2025-03-18T00:32:39.678Z,hermes-3-llama-3.2-3b,What is Python?,470,130,600,2534,236.79,0.5,AMD Ryzen 5 5600 6-Core Processor,12,24.58,3500,32,69,Meta Virtual Monitor,Meta Inc.,Windows_NT-10.0.26100
2025-03-18T00:34:35.480Z,hermes-3-llama-3.2-3b,What is Python?,470,70,540,1509,357.91,0.5,AMD Ryzen 5 5600 6-Core Processor,12,30.98,3500,32,69,Meta Virtual Monitor,Meta Inc.,Windows_NT-10.0.26100
2025-03-18T00:36:39.600Z,hermes-3-llama-3.2-3b,What is Python?,470,144,614,2848,215.56,0.5,AMD Ryzen 5 5600 6-Core Processor,12,31.6,3500,32,68,Meta Virtual Monitor,Meta Inc.,Windows_NT-10.0.26100
2025-03-18T00:38:31.845Z,hermes-3-llama-3.2-3b,What is Python?,470,143,613,2689,228,0.5,AMD Ryzen 5 5600 6-Core Processor,12,32.41,3500,32,69,Meta Virtual Monitor,Meta Inc.,Windows_NT-10.0.26100
2025-03-18T00:39:48.229Z,hermes-3-llama-3.2-3b,Hello,154,25,179,527,339.36,0.5,AMD Ryzen 5 5600 6-Core Processor,12,35.47,3500,32,68,Meta Virtual Monitor,Meta Inc.,Windows_NT-10.0.26100
2025-03-18T00:40:10.395Z,hermes-3-llama-3.2-3b,Hello!,155,9,164,229,716.39,0.5,AMD Ryzen 5 5600 6-Core Processor,12,46.45,3500,32,68,Meta Virtual Monitor,Meta Inc.,Windows_NT-10.0.26100
2025-03-18T00:41:39.087Z,hermes-3-llama-3.2-3b,Hello!,155,25,180,517,348.04,0.5,AMD Ryzen 5 5600 6-Core Processor,12,52.38,3500,32,69,Meta Virtual Monitor,Meta Inc.,Windows_NT-10.0.26100
2025-03-18T00:41:55.031Z,hermes-3-llama-3.2-3b,What is Python?,470,151,621,2789,222.69,0.5,AMD Ryzen 5 5600 6-Core Processor,12,45.12,3500,32,68,Meta Virtual Monitor,Meta Inc.,Windows_NT-10.0.26100
2025-03-18T00:44:44.171Z,hermes-3-llama-3.2-3b,Hello!,155,9,164,252,650.46,0.5,AMD Ryzen 5 5600 6-Core Processor,12,35.69,3500,32,69,Meta Virtual Monitor,Meta Inc.,Windows_NT-10.0.26100
2025-03-18T00:45:11.695Z,hermes-3-llama-3.2-3b,What is Python?,470,147,617,2723,226.57,0.5,AMD Ryzen 5 5600 6-Core Processor,12,43.9,3500,32,69,Meta Virtual Monitor,Meta Inc.,Windows_NT-10.0.26100
2025-03-18T00:47:08.501Z,hermes-3-llama-3.2-3b,Hello,154,9,163,262,622.13,0.5,AMD Ryzen 5 5600 6-Core Processor,12,48.37,3500,32,70,Meta Virtual Monitor,Meta Inc.,Windows_NT-10.0.26100
2025-03-18T00:48:05.075Z,hermes-3-llama-3.2-3b,Hello,154,9,163,220,741.16,0.5,AMD Ryzen 5 5600 6-Core Processor,12,50.9,3500,32,70,Meta Virtual Monitor,Meta Inc.,Windows_NT-10.0.26100
2025-03-18T00:48:14.955Z,hermes-3-llama-3.2-3b,Put his Python.,157,25,182,495,367.64,0.5,AMD Ryzen 5 5600 6-Core Processor,12,43.04,3500,32,70,Meta Virtual Monitor,Meta Inc.,Windows_NT-10.0.26100
2025-03-18T00:48:21.762Z,hermes-3-llama-3.2-3b,What is Python?,470,69,539,1411,382.06,0.5,AMD Ryzen 5 5600 6-Core Processor,12,45.75,3500,32,70,Meta Virtual Monitor,Meta Inc.,Windows_NT-10.0.26100
2025-03-18T00:49:51.121Z,hermes-3-llama-3.2-3b,What is Pathon?,158,25,183,513,356.82,0.5,AMD Ryzen 5 5600 6-Core Processor,12,46.59,3500,32,70,Meta Virtual Monitor,Meta Inc.,Windows_NT-10.0.26100
2025-03-18T00:49:57.765Z,hermes-3-llama-3.2-3b,What is Python?,470,93,563,1819,309.54,0.5,AMD Ryzen 5 5600 6-Core Processor,12,49.5,3500,32,70,Meta Virtual Monitor,Meta Inc.,Windows_NT-10.0.26100
2025-03-18T00:50:16.441Z,hermes-3-llama-3.2-3b,What is calculus?,282,74,356,1399,254.52,0.5,AMD Ryzen 5 5600 6-Core Processor,12,45.57,3500,32,70,Meta Virtual Monitor,Meta Inc.,Windows_NT-10.0.26100
2025-03-18T00:51:23.133Z,hermes-3-llama-3.2-3b,What is Pathon?,158,28,186,547,339.89,0.5,AMD Ryzen 5 5600 6-Core Processor,12,49.44,3500,32,71,Meta Virtual Monitor,Meta Inc.,Windows_NT-10.0.26100
2025-03-18T00:51:29.482Z,hermes-3-llama-3.2-3b,What is Python?,470,160,630,3030,207.91,0.5,AMD Ryzen 5 5600 6-Core Processor,12,49.44,3500,32,71,Meta Virtual Monitor,Meta Inc.,Windows_NT-10.0.26100
2025-03-18T00:53:02.095Z,hermes-3-llama-3.2-3b,My name is Jordan.,158,45,203,851,238.6,0.5,AMD Ryzen 5 5600 6-Core Processor,12,30.36,3500,32,71,Meta Virtual Monitor,Meta Inc.,Windows_NT-10.0.26100
2025-03-18T00:53:37.272Z,hermes-3-llama-3.2-3b,My name is Jordan and I want to know what calculus is.,235,54,289,1017,284.06,0.5,AMD Ryzen 5 5600 6-Core Processor,12,42.75,3500,32,71,Meta Virtual Monitor,Meta Inc.,Windows_NT-10.0.26100
2025-03-18T00:55:01.377Z,hermes-3-llama-3.2-3b,Hello my name is Jordan.,159,46,205,868,236.2,0.5,AMD Ryzen 5 5600 6-Core Processor,12,46.71,3500,32,71,Meta Virtual Monitor,Meta Inc.,Windows_NT-10.0.26100
2025-03-18T00:55:35.935Z,hermes-3-llama-3.2-3b,I am studying calculus.,227,99,326,1736,187.75,0.5,AMD Ryzen 5 5600 6-Core Processor,12,44.63,3500,32,71,Meta Virtual Monitor,Meta Inc.,Windows_NT-10.0.26100
2025-03-18T00:56:04.844Z,hermes-3-llama-3.2-3b,Can you explain Python in three sentences?,161,52,213,904,235.61,0.5,AMD Ryzen 5 5600 6-Core Processor,12,42.3,3500,32,71,Meta Virtual Monitor,Meta Inc.,Windows_NT-10.0.26100
2025-03-18T00:56:34.355Z,hermes-3-llama-3.2-3b,Can you explain calculus in three sentences?,161,153,314,2640,118.96,0.5,AMD Ryzen 5 5600 6-Core Processor,12,43.83,3500,32,71,Meta Virtual Monitor,Meta Inc.,Windows_NT-10.0.26100
2025-03-18T00:57:02.816Z,hermes-3-llama-3.2-3b,How are you today?,158,28,186,536,347.13,0.5,AMD Ryzen 5 5600 6-Core Processor,12,44.65,3500,32,71,Meta Virtual Monitor,Meta Inc.,Windows_NT-10.0.26100
2025-03-18T01:04:19.349Z,hermes-3-llama-3.2-3b,Hello my name is Jordan.,159,18,177,45027,3.93,0.5,AMD Ryzen 5 5600 6-Core Processor,12,40.82,3500,32,71,Meta Virtual Monitor,Meta Inc.,Windows_NT-10.0.26100
2025-03-18T01:15:42.818Z,hermes-3-llama-3.2-3b,Hello!,155,9,164,8768,18.7,0.5,AMD Ryzen 5 5600 6-Core Processor,12,38.18,3500,32,63,Meta Virtual Monitor,Meta Inc.,Windows_NT-10.0.26100
2025-03-18T01:17:48.197Z,hermes-3-llama-3.2-3b,Hello!,155,9,164,8419,19.48,0.5,AMD Ryzen 5 5600 6-Core Processor,12,45.18,3500,32,62,Meta Virtual Monitor,Meta Inc.,Windows_NT-10.0.26100
2025-03-18T01:30:47.542Z,hermes-3-llama-3.2-3b,It is itself hello.,158,25,183,10852,16.86,0.5,AMD Ryzen 5 5600 6-Core Processor,12,49.05,3500,32,62,Meta Virtual Monitor,Meta Inc.,Windows_NT-10.0.26100
2025-03-18T02:07:52.726Z,hermes-3-llama-3.2-3b,Hello,154,9,163,354,460.14,0.5,AMD Ryzen 5 5600 6-Core Processor,12,0,3500,32,65,Meta Virtual Monitor,Meta Inc.,Windows_NT-10.0.26100
2025-03-18T02:10:46.423Z,hermes-3-llama-3.2-3b,Hello.,155,9,164,365,448.98,0.5,AMD Ryzen 5 5600 6-Core Processor,12,35.16,3500,32,67,Meta Virtual Monitor,Meta Inc.,Windows_NT-10.0.26100
2025-03-18T02:14:08.778Z,hermes-3-llama-3.2-3b,Hello,154,9,163,258,632.21,0.5,AMD Ryzen 5 5600 6-Core Processor,12,32.49,3500,32,38,Meta Virtual Monitor,Meta Inc.,Windows_NT-10.0.26100
2025-03-18T02:14:42.448Z,hermes-3-llama-3.2-3b,What is Saufor Engineering?,160,25,185,566,326.77,0.5,AMD Ryzen 5 5600 6-Core Processor,12,34.08,3500,32,38,Meta Virtual Monitor,Meta Inc.,Windows_NT-10.0.26100
2025-03-18T02:15:05.173Z,hermes-3-llama-3.2-3b,What is Software Engineering?,158,154,312,2962,105.33,0.5,AMD Ryzen 5 5600 6-Core Processor,12,31.03,3500,32,38,Meta Virtual Monitor,Meta Inc.,Windows_NT-10.0.26100
2025-03-18T02:15:45.001Z,hermes-3-llama-3.2-3b,Hello,154,9,163,239,681.51,0.5,AMD Ryzen 5 5600 6-Core Processor,12,29.22,3500,32,39,Meta Virtual Monitor,Meta Inc.,Windows_NT-10.0.26100
2025-03-18T02:16:33.536Z,hermes-3-llama-3.2-3b,What is Game Development?,158,63,221,1380,160.16,0.5,AMD Ryzen 5 5600 6-Core Processor,12,29.4,3500,32,39,Meta Virtual Monitor,Meta Inc.,Windows_NT-10.0.26100
2025-03-18T02:17:20.858Z,hermes-3-llama-3.2-3b,What is a sound? A sign.,161,74,235,1516,154.98,0.5,AMD Ryzen 5 5600 6-Core Processor,12,31.84,3500,32,39,Meta Virtual Monitor,Meta Inc.,Windows_NT-10.0.26100
2025-03-18T02:17:46.537Z,hermes-3-llama-3.2-3b,Hello!,155,9,164,272,603.58,0.5,AMD Ryzen 5 5600 6-Core Processor,12,29.47,3500,32,39,Meta Virtual Monitor,Meta Inc.,Windows_NT-10.0.26100
2025-03-18T02:20:01.674Z,hermes-3-llama-3.2-3b,What is game development?,158,25,183,599,305.69,0.5,AMD Ryzen 5 5600 6-Core Processor,12,24.38,3500,32,44,Meta Virtual Monitor,Meta Inc.,Windows_NT-10.0.26100
2025-03-18T02:23:24.125Z,hermes-3-llama-3.2-3b,What is sound design?,158,79,237,1404,168.83,0.5,AMD Ryzen 5 5600 6-Core Processor,12,25.33,3500,32,45,Meta Virtual Monitor,Meta Inc.,Windows_NT-10.0.26100
2025-03-18T02:25:25.833Z,hermes-3-llama-3.2-3b,What is sound design?,203,25,228,635,359.29,0.2,AMD Ryzen 5 5600 6-Core Processor,12,0,3500,32,49,Meta Virtual Monitor,Meta Inc.,Windows_NT-10.0.26100
2025-03-18T02:25:31.609Z,hermes-3-llama-3.2-3b,what is game development?,203,25,228,530,430.34,0.2,AMD Ryzen 5 5600 6-Core Processor,12,34.7,3500,32,48,Meta Virtual Monitor,Meta Inc.,Windows_NT-10.0.26100
2025-03-18T02:25:40.931Z,hermes-3-llama-3.2-3b,What is python?,347,134,481,2207,217.93,0.2,AMD Ryzen 5 5600 6-Core Processor,12,37.36,3500,32,47,Meta Virtual Monitor,Meta Inc.,Windows_NT-10.0.26100
2025-03-18T02:26:08.224Z,hermes-3-llama-3.2-3b,What is software engineering?,203,25,228,664,343.52,0.2,AMD Ryzen 5 5600 6-Core Processor,12,28.41,3500,32,49,Meta Virtual Monitor,Meta Inc.,Windows_NT-10.0.26100
2025-03-18T02:28:05.985Z,hermes-3-llama-3.2-3b,Hello!,200,2,202,117,1719.51,0.2,AMD Ryzen 5 5600 6-Core Processor,12,32.28,3500,32,53,Meta Virtual Monitor,Meta Inc.,Windows_NT-10.0.26100
2025-03-18T02:28:17.748Z,hermes-3-llama-3.2-3b,My name is Jordan.,203,16,219,342,641.16,0.2,AMD Ryzen 5 5600 6-Core Processor,12,30.53,3500,32,53,Meta Virtual Monitor,Meta Inc.,Windows_NT-10.0.26100
2025-03-18T02:28:30.377Z,hermes-3-llama-3.2-3b,What is game development?,203,25,228,500,456.26,0.2,AMD Ryzen 5 5600 6-Core Processor,12,28.32,3500,32,53,Meta Virtual Monitor,Meta Inc.,Windows_NT-10.0.26100
2025-03-18T02:28:40.858Z,hermes-3-llama-3.2-3b,What is Python?,347,122,469,2205,212.66,0.2,AMD Ryzen 5 5600 6-Core Processor,12,33.05,3500,32,53,Meta Virtual Monitor,Meta Inc.,Windows_NT-10.0.26100
2025-03-18T02:29:03.597Z,hermes-3-llama-3.2-3b,Hello,199,9,208,231,898.51,0.2,AMD Ryzen 5 5600 6-Core Processor,12,28.69,3500,32,53,Meta Virtual Monitor,Meta Inc.,Windows_NT-10.0.26100
2025-03-18T02:31:13.586Z,hermes-3-llama-3.2-3b,Hello,199,9,208,248,840.2,0.2,AMD Ryzen 5 5600 6-Core Processor,12,29.71,3500,32,52,Meta Virtual Monitor,Meta Inc.,Windows_NT-10.0.26100
2025-03-18T02:31:23.331Z,hermes-3-llama-3.2-3b,What is Game Development?,203,25,228,552,412.79,0.2,AMD Ryzen 5 5600 6-Core Processor,12,34.76,3500,32,52,Meta Virtual Monitor,Meta Inc.,Windows_NT-10.0.26100
2025-03-18T02:37:25.515Z,hermes-3-llama-3.2-3b,Hello!,200,9,209,258,810.94,0.2,AMD Ryzen 5 5600 6-Core Processor,12,31.41,3500,32,55,Meta Virtual Monitor,Meta Inc.,Windows_NT-10.0.26100
2025-03-18T02:38:27.506Z,hermes-3-llama-3.2-3b,What is Game Development?,203,25,228,569,400.69,0.2,AMD Ryzen 5 5600 6-Core Processor,12,35.34,3500,32,55,Meta Virtual Monitor,Meta Inc.,Windows_NT-10.0.26100
2025-03-18T02:39:04.060Z,hermes-3-llama-3.2-3b,Hello! Here is the corrected version of your sentence:  Hello!,211,2,213,140,1521.16,0.2,AMD Ryzen 5 5600 6-Core Processor,12,32.12,3500,32,55,Meta Virtual Monitor,Meta Inc.,Windows_NT-10.0.26100
2025-03-18T02:39:56.313Z,hermes-3-llama-3.2-3b,What is SAPWAR engineering?,204,26,230,568,404.87,0.2,AMD Ryzen 5 5600 6-Core Processor,12,28.89,3500,32,54,Meta Virtual Monitor,Meta Inc.,Windows_NT-10.0.26100
2025-03-18T02:40:00.935Z,hermes-3-llama-3.2-3b,Hello,199,9,208,256,811.87,0.2,AMD Ryzen 5 5600 6-Core Processor,12,28.19,3500,32,54,Meta Virtual Monitor,Meta Inc.,Windows_NT-10.0.26100
2025-03-18T02:40:13.951Z,hermes-3-llama-3.2-3b,What is Soft Wear Engineering?,204,25,229,557,410.89,0.2,AMD Ryzen 5 5600 6-Core Processor,12,28.1,3500,32,54,Meta Virtual Monitor,Meta Inc.,Windows_NT-10.0.26100
2025-03-18T02:40:22.756Z,hermes-3-llama-3.2-3b,What is software engineering?,314,76,390,1657,235.31,0.2,AMD Ryzen 5 5600 6-Core Processor,12,32.85,3500,32,54,Meta Virtual Monitor,Meta Inc.,Windows_NT-10.0.26100
2025-03-21T00:50:18.386Z,hermes-3-llama-3.2-3b,Hello,154,9,163,1310,124.41,0.5,AMD Ryzen 5 5600X 6-Core Processor,12,0,3700,64,39,AMD Radeon RX 6900 XT,Advanced Micro Devices, Inc.,Windows_NT-10.0.22631
2025-03-21T00:50:24.880Z,hermes-3-llama-3.2-3b,What is Game Development?,158,101,259,1020,254,0.5,AMD Ryzen 5 5600X 6-Core Processor,12,1.98,3700,64,38,AMD Radeon RX 6900 XT,Advanced Micro Devices, Inc.,Windows_NT-10.0.22631
2025-03-21T00:51:20.657Z,hermes-3-llama-3.2-3b,What is Python?,470,69,539,909,592.89,0.5,AMD Ryzen 5 5600X 6-Core Processor,12,2.01,3700,64,38,AMD Radeon RX 6900 XT,Advanced Micro Devices, Inc.,Windows_NT-10.0.22631
2025-03-21T04:21:33.201Z,hermes-3-llama-3.2-3b,What are call options in the stock market?,207,25,232,343,677.26,0.2,AMD Ryzen 5 5600X 6-Core Processor,12,0,3700,64,35,AMD Radeon RX 6900 XT,Advanced Micro Devices, Inc.,Windows_NT-10.0.22631
2025-03-21T04:22:25.371Z,hermes-3-llama-3.2-3b,What is French Polynesia?,335,95,430,1037,414.65,0.2,AMD Ryzen 5 5600X 6-Core Processor,12,1.23,3700,64,35,AMD Radeon RX 6900 XT,Advanced Micro Devices, Inc.,Windows_NT-10.0.22631
2025-03-24T16:26:30.648Z,hermes-3-llama-3.2-3b,Hello,199,2,201,4088,49.17,0.2,AMD Ryzen 5 5600X 6-Core Processor,12,0,3700,64,28,AMD Radeon RX 6900 XT,Advanced Micro Devices, Inc.,Windows_NT-10.0.22631
2025-03-24T16:26:36.438Z,hermes-3-llama-3.2-3b,Hello,199,2,201,37,5504.87,0.2,AMD Ryzen 5 5600X 6-Core Processor,12,0.74,3700,64,28,AMD Radeon RX 6900 XT,Advanced Micro Devices, Inc.,Windows_NT-10.0.22631

2025-03-24T17:07:17.024Z,hermes-3-llama-3.2-3b,test prompt,0,0,0,0,0,0.2,AMD Ryzen 5 5600X 6-Core Processor,12,0,3700,64,28,Unknown,Unknown,Windows_NT-10.0.22631
2025-03-24T17:07:17.026Z,hermes-3-llama-3.2-3b,test prompt,0,0,0,0,0,0.2,AMD Ryzen 5 5600X 6-Core Processor,12,NaN,3700,64,28,Unknown,Unknown,Windows_NT-10.0.22631
2025-03-24T17:07:17.027Z,hermes-3-llama-3.2-3b,test prompt,0,0,0,0,0,0.2,AMD Ryzen 5 5600X 6-Core Processor,12,NaN,3700,64,28,Unknown,Unknown,Windows_NT-10.0.22631
2025-03-24T17:07:17.037Z,hermes-3-llama-3.2-3b,test prompt,0,0,0,0,0,0.2,AMD Ryzen 5 5600X 6-Core Processor,12,0,3700,64,28,Unknown,Unknown,Windows_NT-10.0.22631
2025-03-24T17:07:17.038Z,hermes-3-llama-3.2-3b,test prompt,0,0,0,0,0,0.2,AMD Ryzen 5 5600X 6-Core Processor,12,NaN,3700,64,28,Unknown,Unknown,Windows_NT-10.0.22631
2025-03-24T17:07:17.039Z,hermes-3-llama-3.2-3b,test prompt,0,0,0,0,0,0.2,AMD Ryzen 5 5600X 6-Core Processor,12,NaN,3700,64,28,Unknown,Unknown,Windows_NT-10.0.22631
2025-03-29T14:24:28.565Z,llama-3.2-3b-instruct,Hello!,109,38,147,8126,18.09,0.6,12th Gen Intel(R) Core(TM) i7-1260P,16,0,2496,16,89,Intel(R) Iris(R) Xe Graphics,Intel Corporation,Windows_NT-10.0.22631
2025-03-29T14:27:12.626Z,llama-3.2-3b-instruct,Hi!,116,14,130,4436,29.31,0.6,12th Gen Intel(R) Core(TM) i7-1260P,16,5.67,2496,16,92,Intel(R) Iris(R) Xe Graphics,Intel Corporation,Windows_NT-10.0.22631
2025-03-29T14:33:42.881Z,llama-3.2-3b-instruct,Hello!,109,14,123,2984,41.22,0.6,12th Gen Intel(R) Core(TM) i7-1260P,16,0,2496,16,88,Intel(R) Iris(R) Xe Graphics,Intel Corporation,Windows_NT-10.0.22631
2025-03-29T14:33:55.616Z,llama-3.2-3b-instruct,Whats up?!,132,17,149,5404,27.57,0.6,12th Gen Intel(R) Core(TM) i7-1260P,16,15.54,2496,16,88,Intel(R) Iris(R) Xe Graphics,Intel Corporation,Windows_NT-10.0.22631
2025-03-29T14:34:42.378Z,llama-3.2-3b-instruct,My name is Blake! Whats your name?,169,59,228,16833,13.54,0.6,12th Gen Intel(R) Core(TM) i7-1260P,16,17.32,2496,16,91,Intel(R) Iris(R) Xe Graphics,Intel Corporation,Windows_NT-10.0.22631
2025-03-29T14:35:25.057Z,llama-3.2-3b-instruct,Do you remember my name? I forgot,241,52,293,15981,18.33,0.6,12th Gen Intel(R) Core(TM) i7-1260P,16,14.4,2496,16,90,Intel(R) Iris(R) Xe Graphics,Intel Corporation,Windows_NT-10.0.22631
2025-03-31T03:43:09.343Z,llama-3.2-4x3b-moe-hell-california-uncensored-10b,Hello! My name is Blake,119,16,135,1662,81.2,0.6,AMD Ryzen 5 5600X 6-Core Processor,12,0,3700,64,48,AMD Radeon RX 6900 XT,Advanced Micro Devices, Inc.,Windows_NT-10.0.22631
2025-03-31T03:43:23.221Z,llama-3.2-4x3b-moe-hell-california-uncensored-10b,What is my name again? I am testing your memory,156,41,197,663,297.31,0.6,AMD Ryzen 5 5600X 6-Core Processor,12,1.13,3700,64,46,AMD Radeon RX 6900 XT,Advanced Micro Devices, Inc.,Windows_NT-10.0.22631
2025-03-31T17:06:47.144Z,hermes-3-llama-3.2-3b,Hello!,200,2,202,45,4460.42,0.2,AMD Ryzen 5 5600X 6-Core Processor,12,0,3700,64,41,AMD Radeon RX 6900 XT,Advanced Micro Devices, Inc.,Windows_NT-10.0.22631
2025-03-31T17:07:21.641Z,hermes-3-llama-3.2-3b,Hello!,200,2,202,3743,53.96,0.2,AMD Ryzen 5 5600X 6-Core Processor,12,1.72,3700,64,43,AMD Radeon RX 6900 XT,Advanced Micro Devices, Inc.,Windows_NT-10.0.22631
2025-03-31T17:07:28.521Z,hermes-3-llama-3.2-3b,Hows it going?,203,25,228,312,731.82,0.2,AMD Ryzen 5 5600X 6-Core Processor,12,1.28,3700,64,43,AMD Radeon RX 6900 XT,Advanced Micro Devices, Inc.,Windows_NT-10.0.22631
2025-03-31T17:11:19.348Z,hermes-3-llama-3.2-3b,Hello!,200,9,209,3516,59.44,0.2,AMD Ryzen 5 5600X 6-Core Processor,12,0.91,3700,64,44,AMD Radeon RX 6900 XT,Advanced Micro Devices, Inc.,Windows_NT-10.0.22631
2025-03-31T17:12:24.760Z,hermes-3-llama-3.2-3b,Hello!,200,2,202,3606,56.02,0.2,AMD Ryzen 5 5600X 6-Core Processor,12,1.32,3700,64,43,AMD Radeon RX 6900 XT,Advanced Micro Devices, Inc.,Windows_NT-10.0.22631
2025-03-31T17:13:33.869Z,llama-3.2-8x3b-moe-dark-champion-instruct-uncensored-abliterated-18.4b,Hello!,109,42,151,844,178.89,0.6,AMD Ryzen 5 5600X 6-Core Processor,12,0,3700,64,42,AMD Radeon RX 6900 XT,Advanced Micro Devices, Inc.,Windows_NT-10.0.22631
2025-03-31T17:13:52.967Z,llama-3.2-8x3b-moe-dark-champion-instruct-uncensored-abliterated-18.4b,Hello! My name is Blake.,168,24,192,616,311.45,0.6,AMD Ryzen 5 5600X 6-Core Processor,12,0.43,3700,64,42,AMD Radeon RX 6900 XT,Advanced Micro Devices, Inc.,Windows_NT-10.0.22631
2025-03-31T17:14:01.914Z,llama-3.2-8x3b-moe-dark-champion-instruct-uncensored-abliterated-18.4b,Do you remember what my name is?,206,52,258,956,269.92,0.6,AMD Ryzen 5 5600X 6-Core Processor,12,0.58,3700,64,42,AMD Radeon RX 6900 XT,Advanced Micro Devices, Inc.,Windows_NT-10.0.22631
2025-03-31T17:14:55.623Z,llama-3.2-4x3b-moe-hell-california-uncensored-10b,Hello!,109,9,118,307,384.69,0.6,AMD Ryzen 5 5600X 6-Core Processor,12,0,3700,64,42,AMD Radeon RX 6900 XT,Advanced Micro Devices, Inc.,Windows_NT-10.0.22631
2025-03-31T17:15:02.824Z,llama-3.2-4x3b-moe-hell-california-uncensored-10b,My name is Blake. Whats your name?,139,37,176,614,286.44,0.6,AMD Ryzen 5 5600X 6-Core Processor,12,2,3700,64,42,AMD Radeon RX 6900 XT,Advanced Micro Devices, Inc.,Windows_NT-10.0.22631
2025-03-31T17:15:22.554Z,llama-3.2-4x3b-moe-hell-california-uncensored-10b,I just want to see if you can remember my name. I'm testing your memory. So; what is my name?,221,53,274,833,328.99,0.6,AMD Ryzen 5 5600X 6-Core Processor,12,0.82,3700,64,42,AMD Radeon RX 6900 XT,Advanced Micro Devices, Inc.,Windows_NT-10.0.22631
2025-03-31T17:16:22.009Z,llama-3.2-4x3b-moe-hell-california-uncensored-10b,You are quite speedy! What do you know about Python?,414,144,558,2235,249.66,0.6,AMD Ryzen 5 5600X 6-Core Processor,12,1.34,3700,64,42,AMD Radeon RX 6900 XT,Advanced Micro Devices, Inc.,Windows_NT-10.0.22631
2025-03-31T17:16:38.825Z,llama-3.2-4x3b-moe-hell-california-uncensored-10b,What is French Polynesia?,608,66,674,1535,439.1,0.6,AMD Ryzen 5 5600X 6-Core Processor,12,0.81,3700,64,42,AMD Radeon RX 6900 XT,Advanced Micro Devices, Inc.,Windows_NT-10.0.22631
2025-03-31T17:25:58.523Z,llama-3.2-4x3b-moe-hell-california-uncensored-10b,My friend Jordan is looking over my shoulder. Say hi to Jordan!,520,23,543,942,576.7,0.6,AMD Ryzen 5 5600X 6-Core Processor,12,0.57,3700,64,42,AMD Radeon RX 6900 XT,Advanced Micro Devices, Inc.,Windows_NT-10.0.22631
2025-03-31T17:28:09.387Z,llama-3.2-4x3b-moe-hell-california-uncensored-10b,Hello! My name is Blake,128,18,146,384,380.54,0.6,AMD Ryzen 5 5600X 6-Core Processor,12,0,3700,64,41,AMD Radeon RX 6900 XT,Advanced Micro Devices, Inc.,Windows_NT-10.0.22631
2025-03-31T17:28:30.385Z,llama-3.2-4x3b-moe-hell-california-uncensored-10b,My friend Jordan is watching over my shoulder. Say hi to Jordan!!,172,34,206,579,356.01,0.6,AMD Ryzen 5 5600X 6-Core Processor,12,0.58,3700,64,41,AMD Radeon RX 6900 XT,Advanced Micro Devices, Inc.,Windows_NT-10.0.22631
2025-03-31T17:38:23.994Z,llama-3.2-4x3b-moe-hell-california-uncensored-10b,Hello!,201,19,220,437,502.86,0.6,AMD Ryzen 5 5600X 6-Core Processor,12,2.82,3700,64,42,AMD Radeon RX 6900 XT,Advanced Micro Devices, Inc.,Windows_NT-10.0.22631
2025-03-31T17:39:32.653Z,llama-3.2-4x3b-moe-hell-california-uncensored-10b,Hello,118,9,127,289,438.79,0.6,AMD Ryzen 5 5600X 6-Core Processor,12,0,3700,64,42,AMD Radeon RX 6900 XT,Advanced Micro Devices, Inc.,Windows_NT-10.0.22631
2025-03-31T17:40:00.266Z,llama-3.2-4x3b-moe-hell-california-uncensored-10b, Hello.,113,18,131,403,324.8,0.6,AMD Ryzen 5 5600X 6-Core Processor,12,7.09,3700,64,42,AMD Radeon RX 6900 XT,Advanced Micro Devices, Inc.,Windows_NT-10.0.22631
2025-03-31T17:41:18.328Z,llama-3.2-4x3b-moe-hell-california-uncensored-10b, Hello.,113,29,142,417,340.91,0.6,AMD Ryzen 5 5600X 6-Core Processor,12,3.99,3700,64,42,AMD Radeon RX 6900 XT,Advanced Micro Devices, Inc.,Windows_NT-10.0.22631
2025-03-31T17:41:37.944Z,llama-3.2-4x3b-moe-hell-california-uncensored-10b, My friend Jordan is looking over my shoulder. Can you say hello to him?,127,44,171,834,204.93,0.6,AMD Ryzen 5 5600X 6-Core Processor,12,4.68,3700,64,42,AMD Radeon RX 6900 XT,Advanced Micro Devices, Inc.,Windows_NT-10.0.22631
2025-03-31T17:42:08.516Z,llama-3.2-4x3b-moe-hell-california-uncensored-10b, Hello.,113,19,132,410,321.71,0.6,AMD Ryzen 5 5600X 6-Core Processor,12,4.07,3700,64,41,AMD Radeon RX 6900 XT,Advanced Micro Devices, Inc.,Windows_NT-10.0.22631
2025-03-31T17:44:01.761Z,llama-3.2-4x3b-moe-hell-california-uncensored-10b,What was my last message to you?,145,52,197,797,247.25,0.6,AMD Ryzen 5 5600X 6-Core Processor,12,1.04,3700,64,42,AMD Radeon RX 6900 XT,Advanced Micro Devices, Inc.,Windows_NT-10.0.22631
2025-03-31T17:44:13.009Z,llama-3.2-4x3b-moe-hell-california-uncensored-10b,Hello! My name is Blake,128,16,144,413,348.58,0.6,AMD Ryzen 5 5600X 6-Core Processor,12,0.9,3700,64,42,AMD Radeon RX 6900 XT,Advanced Micro Devices, Inc.,Windows_NT-10.0.22631
2025-03-31T17:44:23.442Z,llama-3.2-4x3b-moe-hell-california-uncensored-10b,I'm testing your memory. Whats my name?,161,33,194,564,343.82,0.6,AMD Ryzen 5 5600X 6-Core Processor,12,0.69,3700,64,42,AMD Radeon RX 6900 XT,Advanced Micro Devices, Inc.,Windows_NT-10.0.22631
2025-03-31T17:44:37.028Z,llama-3.2-4x3b-moe-hell-california-uncensored-10b,You're right! Good job,202,78,280,1125,248.8,0.6,AMD Ryzen 5 5600X 6-Core Processor,12,0.28,3700,64,42,AMD Radeon RX 6900 XT,Advanced Micro Devices, Inc.,Windows_NT-10.0.22631
2025-03-31T17:55:58.413Z,llama-3.2-4x3b-moe-hell-california-uncensored-10b,Hi,281,24,305,472,646.23,0.6,AMD Ryzen 5 5600X 6-Core Processor,12,2.27,3700,64,42,AMD Radeon RX 6900 XT,Advanced Micro Devices, Inc.,Windows_NT-10.0.22631
2025-03-31T17:56:09.777Z,llama-3.2-4x3b-moe-hell-california-uncensored-10b,Hola!,313,55,368,850,432.96,0.6,AMD Ryzen 5 5600X 6-Core Processor,12,0.75,3700,64,42,AMD Radeon RX 6900 XT,Advanced Micro Devices, Inc.,Windows_NT-10.0.22631
2025-03-31T17:56:19.058Z,llama-3.2-4x3b-moe-hell-california-uncensored-10b,Guten tag,378,62,440,946,464.93,0.6,AMD Ryzen 5 5600X 6-Core Processor,12,0.59,3700,64,42,AMD Radeon RX 6900 XT,Advanced Micro Devices, Inc.,Windows_NT-10.0.22631
2025-03-31T17:56:37.589Z,llama-3.2-4x3b-moe-hell-california-uncensored-10b,Lets switch to German. Vie Heiss Du?,460,57,517,916,564.59,0.6,AMD Ryzen 5 5600X 6-Core Processor,12,0.47,3700,64,42,AMD Radeon RX 6900 XT,Advanced Micro Devices, Inc.,Windows_NT-10.0.22631
2025-03-31T19:01:31.861Z,llama-3.2-4x3b-moe-hell-california-uncensored-10b, Hello; my name is Blake.,118,32,150,662,226.57,0.6,AMD Ryzen 5 5600X 6-Core Processor,12,2.56,3700,64,43,AMD Radeon RX 6900 XT,Advanced Micro Devices, Inc.,Windows_NT-10.0.22631
2025-03-31T19:05:28.118Z,llama-3.2-4x3b-moe-hell-california-uncensored-10b, Hello; my name is Blake.,118,34,152,479,317.36,0.6,AMD Ryzen 5 5600X 6-Core Processor,12,2.89,3700,64,44,AMD Radeon RX 6900 XT,Advanced Micro Devices, Inc.,Windows_NT-10.0.22631
2025-03-31T19:07:20.668Z,llama-3.2-4x3b-moe-hell-california-uncensored-10b, Hello; my name is Blake.,118,17,135,248,544.28,0.6,AMD Ryzen 5 5600X 6-Core Processor,12,3.59,3700,64,44,AMD Radeon RX 6900 XT,Advanced Micro Devices, Inc.,Windows_NT-10.0.22631
2025-03-31T19:08:47.965Z,llama-3.2-4x3b-moe-hell-california-uncensored-10b, Hello; my name is Blake.,118,38,156,536,291.26,0.6,AMD Ryzen 5 5600X 6-Core Processor,12,4.53,3700,64,44,AMD Radeon RX 6900 XT,Advanced Micro Devices, Inc.,Windows_NT-10.0.22631
2025-03-31T20:59:58.813Z,llama-3.2-4x3b-moe-hell-california-uncensored-10b, Hello?,113,16,129,356,362.06,0.6,AMD Ryzen 5 5600X 6-Core Processor,12,0.66,3700,64,44,AMD Radeon RX 6900 XT,Advanced Micro Devices, Inc.,Windows_NT-10.0.22631
2025-03-31T21:00:50.549Z,llama-3.2-4x3b-moe-hell-california-uncensored-10b, Hello.,113,19,132,393,335.6,0.6,AMD Ryzen 5 5600X 6-Core Processor,12,4.16,3700,64,44,AMD Radeon RX 6900 XT,Advanced Micro Devices, Inc.,Windows_NT-10.0.22631
2025-03-31T21:01:05.699Z,llama-3.2-4x3b-moe-hell-california-uncensored-10b, Say hello to Jordan; he is watching me.,121,24,145,543,267.11,0.6,AMD Ryzen 5 5600X 6-Core Processor,12,4.28,3700,64,44,AMD Radeon RX 6900 XT,Advanced Micro Devices, Inc.,Windows_NT-10.0.22631
2025-03-31T21:01:48.640Z,llama-3.2-4x3b-moe-hell-california-uncensored-10b, Hi.,113,20,133,418,318.41,0.6,AMD Ryzen 5 5600X 6-Core Processor,12,2.81,3700,64,44,AMD Radeon RX 6900 XT,Advanced Micro Devices, Inc.,Windows_NT-10.0.22631
2025-03-31T21:02:04.139Z,llama-3.2-4x3b-moe-hell-california-uncensored-10b,hi,516,30,546,1002,544.84,0.6,AMD Ryzen 5 5600X 6-Core Processor,12,2.46,3700,64,44,AMD Radeon RX 6900 XT,Advanced Micro Devices, Inc.,Windows_NT-10.0.22631
2025-04-04T05:13:34.427Z,llama-3.2-4x3b-moe-hell-california-uncensored-10b,Hello!,118,8,126,1390,90.62,0.6,AMD Ryzen 5 5600X 6-Core Processor,12,0.99,3700,64,48,AMD Radeon RX 6900 XT,Advanced Micro Devices, Inc.,Windows_NT-10.0.22631
2025-04-04T05:13:43.024Z,llama-3.2-4x3b-moe-hell-california-uncensored-10b,Hi; my name is Blake,143,23,166,496,334.9,0.6,AMD Ryzen 5 5600X 6-Core Processor,12,1.52,3700,64,48,AMD Radeon RX 6900 XT,Advanced Micro Devices, Inc.,Windows_NT-10.0.22631
2025-04-04T05:13:57.036Z,llama-3.2-4x3b-moe-hell-california-uncensored-10b,I'm testing your memory. Whats my name?,183,28,211,513,411.57,0.6,AMD Ryzen 5 5600X 6-Core Processor,12,0.72,3700,64,47,AMD Radeon RX 6900 XT,Advanced Micro Devices, Inc.,Windows_NT-10.0.22631
2025-04-04T05:15:11.275Z,llama-3.2-4x3b-moe-hell-california-uncensored-10b,What can you tell me about Python? What is Python?,570,165,735,2844,258.47,0.6,AMD Ryzen 5 5600X 6-Core Processor,12,0.85,3700,64,46,AMD Radeon RX 6900 XT,Advanced Micro Devices, Inc.,Windows_NT-10.0.22631
2025-04-04T05:15:36.294Z,llama-3.2-4x3b-moe-hell-california-uncensored-10b,What are lists in Python?,770,59,829,1621,511.55,0.6,AMD Ryzen 5 5600X 6-Core Processor,12,0.9,3700,64,45,AMD Radeon RX 6900 XT,Advanced Micro Devices, Inc.,Windows_NT-10.0.22631
2025-04-04T05:16:25.210Z,llama-3.2-4x3b-moe-hell-california-uncensored-10b,You stopped before creating the list. Can you show me how to create a list?,490,94,584,1663,351.14,0.6,AMD Ryzen 5 5600X 6-Core Processor,12,1.05,3700,64,44,AMD Radeon RX 6900 XT,Advanced Micro Devices, Inc.,Windows_NT-10.0.22631
2025-04-04T05:18:02.921Z,llama-3.2-4x3b-moe-hell-california-uncensored-10b,Cool! Thanks for all your help so far. I appreciate it,599,50,649,1007,644.21,0.6,AMD Ryzen 5 5600X 6-Core Processor,12,0.86,3700,64,42,AMD Radeon RX 6900 XT,Advanced Micro Devices, Inc.,Windows_NT-10.0.22631
2025-04-07T04:13:42.353Z,llama-3.2-4x3b-moe-hell-california-uncensored-10b,Hello; my name is Blake,128,15,143,8949,15.98,0.6,AMD Ryzen 5 5600X 6-Core Processor,12,1.01,3700,64,55,AMD Radeon RX 6900 XT,Advanced Micro Devices, Inc.,Windows_NT-10.0.22631
2025-04-07T04:13:52.057Z,llama-3.2-4x3b-moe-hell-california-uncensored-10b,I'm testing your memory. Whats my name?,160,43,203,695,292.02,0.6,AMD Ryzen 5 5600X 6-Core Processor,12,2.26,3700,64,50,AMD Radeon RX 6900 XT,Advanced Micro Devices, Inc.,Windows_NT-10.0.22631
2025-04-07T04:14:45.363Z,unknown,test prompt,0,0,0,3,0,0.6,AMD Ryzen 5 5600X 6-Core Processor,12,0,3700,64,49,Unknown,Unknown,Windows_NT-10.0.22631
2025-04-07T04:14:45.375Z,unknown,test prompt,0,0,0,1,0,0.6,AMD Ryzen 5 5600X 6-Core Processor,12,NaN,3700,64,49,Unknown,Unknown,Windows_NT-10.0.22631
2025-04-07T04:14:45.378Z,unknown,test prompt,0,0,0,1,0,0.6,AMD Ryzen 5 5600X 6-Core Processor,12,NaN,3700,64,49,Unknown,Unknown,Windows_NT-10.0.22631
2025-04-07T04:14:45.394Z,unknown,test prompt,0,0,0,1,0,0.6,AMD Ryzen 5 5600X 6-Core Processor,12,NaN,3700,64,49,Unknown,Unknown,Windows_NT-10.0.22631
2025-04-07T04:14:45.392Z,unknown,test prompt,0,0,0,1,0,0.6,AMD Ryzen 5 5600X 6-Core Processor,12,NaN,3700,64,49,Unknown,Unknown,Windows_NT-10.0.22631
2025-04-07T04:14:45.395Z,unknown,test prompt,0,0,0,1,0,0.6,AMD Ryzen 5 5600X 6-Core Processor,12,NaN,3700,64,49,Unknown,Unknown,Windows_NT-10.0.22631
2025-04-07T04:15:16.918Z,unknown,test prompt,0,0,0,8,0,0.6,AMD Ryzen 5 5600X 6-Core Processor,12,0,3700,64,46,Unknown,Unknown,Windows_NT-10.0.22631
2025-04-07T04:15:16.927Z,unknown,test prompt,0,0,0,1,0,0.6,AMD Ryzen 5 5600X 6-Core Processor,12,8.33,3700,64,46,Unknown,Unknown,Windows_NT-10.0.22631
2025-04-07T04:15:16.930Z,unknown,test prompt,0,0,0,2,0,0.6,AMD Ryzen 5 5600X 6-Core Processor,12,NaN,3700,64,46,Unknown,Unknown,Windows_NT-10.0.22631
2025-04-07T04:15:16.946Z,unknown,test prompt,0,0,0,1,0,0.6,AMD Ryzen 5 5600X 6-Core Processor,12,8.33,3700,64,46,Unknown,Unknown,Windows_NT-10.0.22631
2025-04-07T04:15:16.948Z,unknown,test prompt,0,0,0,1,0,0.6,AMD Ryzen 5 5600X 6-Core Processor,12,NaN,3700,64,46,Unknown,Unknown,Windows_NT-10.0.22631
2025-04-07T04:15:16.950Z,unknown,test prompt,0,0,0,1,0,0.6,AMD Ryzen 5 5600X 6-Core Processor,12,NaN,3700,64,46,Unknown,Unknown,Windows_NT-10.0.22631
2025-04-07T04:34:08.733Z,llama-3.2-4x3b-moe-hell-california-uncensored-10b,I'm testing your memory. What is my name?,136,24,160,511,313,0.6,AMD Ryzen 5 5600X 6-Core Processor,12,3.2,3700,64,39,AMD Radeon RX 6900 XT,Advanced Micro Devices, Inc.,Windows_NT-10.0.22631
2025-04-07T04:34:21.264Z,llama-3.2-4x3b-moe-hell-california-uncensored-10b,I'm testing your memory. What is my name?,175,36,211,609,346.29,0.6,AMD Ryzen 5 5600X 6-Core Processor,12,1.18,3700,64,39,AMD Radeon RX 6900 XT,Advanced Micro Devices, Inc.,Windows_NT-10.0.22631
2025-04-07T21:08:16.064Z,llama-3.2-4x3b-moe-hell-california-uncensored-10b,Hello; my name is Blake,128,16,144,1402,102.71,0.6,AMD Ryzen 5 5600X 6-Core Processor,12,4.67,3700,64,41,AMD Radeon RX 6900 XT,Advanced Micro Devices, Inc.,Windows_NT-10.0.22631
2025-04-07T21:08:28.236Z,llama-3.2-4x3b-moe-hell-california-uncensored-10b,I'm testing your memory. Whats my name?,162,25,187,468,399.9,0.6,AMD Ryzen 5 5600X 6-Core Processor,12,0.57,3700,64,41,AMD Radeon RX 6900 XT,Advanced Micro Devices, Inc.,Windows_NT-10.0.22631
2025-04-07T21:08:34.962Z,llama-3.2-4x3b-moe-hell-california-uncensored-10b,Yep; good job,191,32,223,557,400.71,0.6,AMD Ryzen 5 5600X 6-Core Processor,12,0.65,3700,64,41,AMD Radeon RX 6900 XT,Advanced Micro Devices, Inc.,Windows_NT-10.0.22631
2025-04-07T21:08:46.239Z,llama-3.2-4x3b-moe-hell-california-uncensored-10b,Whats my name?,122,23,145,489,296.71,0.6,AMD Ryzen 5 5600X 6-Core Processor,12,0.9,3700,64,41,AMD Radeon RX 6900 XT,Advanced Micro Devices, Inc.,Windows_NT-10.0.22631
2025-04-07T22:39:56.782Z,llama-3.2-4x3b-moe-hell-california-uncensored-10b,Hello my name is Blake,126,33,159,629,252.98,0.6,AMD Ryzen 5 5600X 6-Core Processor,12,0.67,3700,64,33,AMD Radeon RX 6900 XT,Advanced Micro Devices, Inc.,Windows_NT-10.0.22631
2025-04-07T22:40:05.558Z,llama-3.2-4x3b-moe-hell-california-uncensored-10b,I'm testing your memory; what is my name?,180,58,238,892,266.75,0.6,AMD Ryzen 5 5600X 6-Core Processor,12,1.28,3700,64,32,AMD Radeon RX 6900 XT,Advanced Micro Devices, Inc.,Windows_NT-10.0.22631
2025-04-14T00:32:40.136Z,llama-3.2-4x3b-moe-hell-california-uncensored-10b,Hello,133,11,144,370,389.17,0.6,AMD Ryzen 5 5600X 6-Core Processor,12,0,3700,64,32,AMD Radeon RX 6900 XT,Advanced Micro Devices, Inc.,Windows_NT-10.0.22631
2025-04-14T00:33:22.321Z,llama-3.2-4x3b-moe-hell-california-uncensored-10b,My name is Blake! I'm just testing your conversation storing abilities.,174,52,226,802,281.66,0.6,AMD Ryzen 5 5600X 6-Core Processor,12,1.26,3700,64,32,AMD Radeon RX 6900 XT,Advanced Micro Devices, Inc.,Windows_NT-10.0.22631
2025-04-14T03:14:31.414Z,llama-3.2-4x3b-moe-hell-california-uncensored-10b,Hello; this is a new convo,130,24,154,510,301.8,0.6,AMD Ryzen 5 5600X 6-Core Processor,12,1.53,3700,64,37,AMD Radeon RX 6900 XT,Advanced Micro Devices, Inc.,Windows_NT-10.0.22631
2025-04-14T03:14:58.847Z,llama-3.2-4x3b-moe-hell-california-uncensored-10b,Hello,112,24,136,447,304.43,0.6,AMD Ryzen 5 5600X 6-Core Processor,12,1.36,3700,64,36,AMD Radeon RX 6900 XT,Advanced Micro Devices, Inc.,Windows_NT-10.0.22631
2025-04-14T03:15:41.554Z,llama-3.2-4x3b-moe-hell-california-uncensored-10b,Hello!,118,8,126,308,409.02,0.6,AMD Ryzen 5 5600X 6-Core Processor,12,0.93,3700,64,36,AMD Radeon RX 6900 XT,Advanced Micro Devices, Inc.,Windows_NT-10.0.22631
2025-04-14T03:17:42.870Z,llama-3.2-4x3b-moe-hell-california-uncensored-10b,Hi!,112,28,140,492,284.84,0.6,AMD Ryzen 5 5600X 6-Core Processor,12,0.59,3700,64,36,AMD Radeon RX 6900 XT,Advanced Micro Devices, Inc.,Windows_NT-10.0.22631
2025-04-14T03:19:05.653Z,llama-3.2-4x3b-moe-hell-california-uncensored-10b,Do you remember my name?,126,43,169,737,229.17,0.6,AMD Ryzen 5 5600X 6-Core Processor,12,0.87,3700,64,36,AMD Radeon RX 6900 XT,Advanced Micro Devices, Inc.,Windows_NT-10.0.22631
2025-04-14T03:22:40.248Z,llama-3.2-4x3b-moe-hell-california-uncensored-10b,Hello!,118,19,137,394,348.1,0.6,AMD Ryzen 5 5600X 6-Core Processor,12,1.13,3700,64,36,AMD Radeon RX 6900 XT,Advanced Micro Devices, Inc.,Windows_NT-10.0.22631
2025-04-14T03:23:18.145Z,llama-3.2-4x3b-moe-hell-california-uncensored-10b,Hello!,118,15,133,197,676.67,0.6,AMD Ryzen 5 5600X 6-Core Processor,12,0,3700,64,36,AMD Radeon RX 6900 XT,Advanced Micro Devices, Inc.,Windows_NT-10.0.22631
2025-04-14T03:24:02.559Z,llama-3.2-4x3b-moe-hell-california-uncensored-10b,Hello,118,20,138,401,344.07,0.6,AMD Ryzen 5 5600X 6-Core Processor,12,1.22,3700,64,36,AMD Radeon RX 6900 XT,Advanced Micro Devices, Inc.,Windows_NT-10.0.22631
2025-04-14T03:24:19.469Z,llama-3.2-4x3b-moe-hell-california-uncensored-10b,Hello!,118,20,138,401,344.03,0.6,AMD Ryzen 5 5600X 6-Core Processor,12,1.55,3700,64,36,AMD Radeon RX 6900 XT,Advanced Micro Devices, Inc.,Windows_NT-10.0.22631
2025-04-14T03:24:34.850Z,llama-3.2-4x3b-moe-hell-california-uncensored-10b,Hey!,118,12,130,303,429.29,0.6,AMD Ryzen 5 5600X 6-Core Processor,12,1.38,3700,64,36,AMD Radeon RX 6900 XT,Advanced Micro Devices, Inc.,Windows_NT-10.0.22631
2025-04-14T03:25:18.272Z,llama-3.2-4x3b-moe-hell-california-uncensored-10b,Hello! Our conversations are now being stored. I am just testing this feature.,146,35,181,584,309.87,0.6,AMD Ryzen 5 5600X 6-Core Processor,12,0.93,3700,64,36,AMD Radeon RX 6900 XT,Advanced Micro Devices, Inc.,Windows_NT-10.0.22631
2025-04-14T03:25:36.950Z,llama-3.2-4x3b-moe-hell-california-uncensored-10b,What can you tell me about the Python programming language?,524,66,590,1564,377.14,0.6,AMD Ryzen 5 5600X 6-Core Processor,12,0.51,3700,64,36,AMD Radeon RX 6900 XT,Advanced Micro Devices, Inc.,Windows_NT-10.0.22631
2025-04-14T03:26:04.996Z,llama-3.2-4x3b-moe-hell-california-uncensored-10b,Cool. I'm now testing your memory. What's the most recent question I asked you?,289,376,665,5081,130.88,0.6,AMD Ryzen 5 5600X 6-Core Processor,12,0.46,3700,64,35,AMD Radeon RX 6900 XT,Advanced Micro Devices, Inc.,Windows_NT-10.0.22631
2025-04-14T03:30:49.986Z,llama-3.2-4x3b-moe-hell-california-uncensored-10b,Hello!,118,9,127,268,474.47,0.6,AMD Ryzen 5 5600X 6-Core Processor,12,0,3700,64,36,AMD Radeon RX 6900 XT,Advanced Micro Devices, Inc.,Windows_NT-10.0.22631
2025-04-14T03:31:00.310Z,llama-3.2-4x3b-moe-hell-california-uncensored-10b,My name is Blake,139,28,167,560,298.26,0.6,AMD Ryzen 5 5600X 6-Core Processor,12,0.85,3700,64,36,AMD Radeon RX 6900 XT,Advanced Micro Devices, Inc.,Windows_NT-10.0.22631
2025-04-14T03:31:20.710Z,llama-3.2-4x3b-moe-hell-california-uncensored-10b,I'm testing your memory. What did I just ask you?,192,86,278,1220,227.89,0.6,AMD Ryzen 5 5600X 6-Core Processor,12,1.1,3700,64,36,AMD Radeon RX 6900 XT,Advanced Micro Devices, Inc.,Windows_NT-10.0.22631
2025-04-14T03:31:49.768Z,llama-3.2-4x3b-moe-hell-california-uncensored-10b,Hello! This is a new conversation,130,32,162,606,267.43,0.6,AMD Ryzen 5 5600X 6-Core Processor,12,0.91,3700,64,36,AMD Radeon RX 6900 XT,Advanced Micro Devices, Inc.,Windows_NT-10.0.22631
2025-04-14T03:32:08.658Z,llama-3.2-4x3b-moe-hell-california-uncensored-10b,Hello! This is a new conversation as a guest user,122,36,158,650,243.19,0.6,AMD Ryzen 5 5600X 6-Core Processor,12,0.92,3700,64,36,AMD Radeon RX 6900 XT,Advanced Micro Devices, Inc.,Windows_NT-10.0.22631
2025-04-14T03:32:27.204Z,llama-3.2-4x3b-moe-hell-california-uncensored-10b,Hello!,112,9,121,246,491.78,0.6,AMD Ryzen 5 5600X 6-Core Processor,12,0.95,3700,64,36,AMD Radeon RX 6900 XT,Advanced Micro Devices, Inc.,Windows_NT-10.0.22631
2025-04-14T03:32:47.539Z,llama-3.2-4x3b-moe-hell-california-uncensored-10b,Hello!,118,19,137,440,311.27,0.6,AMD Ryzen 5 5600X 6-Core Processor,12,1,3700,64,36,AMD Radeon RX 6900 XT,Advanced Micro Devices, Inc.,Windows_NT-10.0.22631
2025-04-14T03:46:57.132Z,llama-3.2-4x3b-moe-hell-california-uncensored-10b,What is PyCon?,150,78,228,1116,204.36,0.6,AMD Ryzen 5 5600X 6-Core Processor,12,1.17,3700,64,36,AMD Radeon RX 6900 XT,Advanced Micro Devices, Inc.,Windows_NT-10.0.22631
2025-04-18T02:56:41.187Z,llama-3.2-4x3b-moe-hell-california-uncensored-10b,Hello,118,9,127,9886,12.85,0.6,AMD Ryzen 5 5600X 6-Core Processor,12,0,3700,64,55,AMD Radeon RX 6900 XT,Advanced Micro Devices, Inc.,Windows_NT-10.0.22631
2025-04-18T03:00:28.990Z,llama-3.2-4x3b-moe-hell-california-uncensored-10b,Hello!,118,15,133,346,384.37,0.6,AMD Ryzen 5 5600X 6-Core Processor,12,1.69,3700,64,44,AMD Radeon RX 6900 XT,Advanced Micro Devices, Inc.,Windows_NT-10.0.22631
2025-04-18T03:00:37.783Z,llama-3.2-4x3b-moe-hell-california-uncensored-10b,What is Python,144,57,201,857,234.48,0.6,AMD Ryzen 5 5600X 6-Core Processor,12,0.67,3700,64,44,AMD Radeon RX 6900 XT,Advanced Micro Devices, Inc.,Windows_NT-10.0.22631
